{
  "id": "jwt-authenticator-complete-environment",
  "name": "JWT Authenticator Complete Environment",
  "values": [
    {
      "key": "baseUrl",
      "value": "http://localhost:8080",
      "type": "default",
      "enabled": true
    },
    {
      "key": "accessToken",
      "value": "",
      "type": "secret",
      "enabled": true
    },
    {
      "key": "refreshToken",
      "value": "",
      "type": "secret",
      "enabled": true
    },
    {
      "key": "brandId",
      "value": "brand1",
      "type": "default",
      "enabled": true
    },
    {
      "key": "tenantId",
      "value": "brand1",
      "type": "default",
      "enabled": true,
      "description": "Legacy variable name for brandId"
    },
    {
      "key": "testUsername",
      "value": "testuser",
      "type": "default",
      "enabled": true
    },
    {
      "key": "testEmail",
      "value": "testuser@example.com",
      "type": "default",
      "enabled": true
    },
    {
      "key": "testPassword",
      "value": "password123",
      "type": "secret",
      "enabled": true
    },
    {
      "key": "testFirstName",
      "value": "John",
      "type": "default",
      "enabled": true
    },
    {
      "key": "testLastName",
      "value": "Doe",
      "type": "default",
      "enabled": true
    },
    {
      "key": "testPhoneNumber",
      "value": "+1234567890",
      "type": "default",
      "enabled": true
    },
    {
      "key": "testLocation",
      "value": "New York, USA",
      "type": "default",
      "enabled": true
    },
    {
      "key": "verificationToken",
      "value": "",
      "type": "default",
      "enabled": true
    },
    {
      "key": "resetToken",
      "value": "",
      "type": "default",
      "enabled": true
    },
    {
      "key": "googleIdToken",
      "value": "",
      "type": "secret",
      "enabled": true
    },
    {
      "key": "tfaSecret",
      "value": "",
      "type": "secret",
      "enabled": true
    },
    {
      "key": "tfaCode",
      "value": "",
      "type": "default",
      "enabled": true
    },
    {
      "key": "testForwardUrl",
      "value": "https://httpbin.org/get",
      "type": "default",
      "enabled": true
    },
    {
      "key": "timeoutTestUrl",
      "value": "https://httpbin.org/delay/10",
      "type": "default",
      "enabled": true
    },
    {
      "key": "testValidUrl",
      "value": "https://httpbin.org/get",
      "type": "default",
      "enabled": true
    },
    {
      "key": "testInvalidUrl",
      "value": "not-a-valid-url",
      "type": "default",
      "enabled": true
    },
    {
      "key": "customPrefix",
      "value": "MKTY",
      "type": "default",
      "enabled": true
    }
  ],
  "_postman_variable_scope": "environment",
  "_postman_exported_at": "2023-09-15T12:00:00.000Z",
  "_postman_exported_using": "Postman/10.17.4"
}