{
  "id": "brandsnap-api-env",
  "name": "BrandSnap API Environment",
  "values": [
    {
      "key": "base_url",
      "value": "http://localhost:8080/myapp",
      "description": "Base URL for the BrandSnap API (Local Development)",
      "type": "default",
      "enabled": true
    },
    {
      "key": "prod_base_url",
      "value": "https://api.brandsnap.com",
      "description": "Production API URL (Update with actual production URL)",
      "type": "default",
      "enabled": false
    },
    {
      "key": "staging_base_url",
      "value": "https://staging-api.brandsnap.com",
      "description": "Staging API URL (Update with actual staging URL)",
      "type": "default",
      "enabled": false
    },
    {
      "key": "jwt_token",
      "value": "",
      "description": "JWT authentication token (auto-populated by login)",
      "type": "secret",
      "enabled": true
    },
    {
      "key": "refresh_token",
      "value": "",
      "description": "JWT refresh token for token renewal",
      "type": "secret",
      "enabled": true
    },
    {
      "key": "api_key",
      "value": "",
      "description": "API key for external API access (auto-populated)",
      "type": "secret",
      "enabled": true
    },
    {
      "key": "user_id",
      "value": "",
      "description": "Current authenticated user ID",
      "type": "default",
      "enabled": true
    },
    {
      "key": "company_id",
      "value": "",
      "description": "Current company/organization ID",
      "type": "default",
      "enabled": true
    },
    {
      "key": "brand_id",
      "value": "1",
      "description": "Sample brand ID for testing",
      "type": "default",
      "enabled": true
    },
    {
      "key": "test_domain",
      "value": "apple.com",
      "description": "Sample domain for brand information testing",
      "type": "default",
      "enabled": true
    },
    {
      "key": "test_username",
      "value": "testuser",
      "description": "Test username for authentication",
      "type": "default",
      "enabled": true
    },
    {
      "key": "test_password",
      "value": "password123",
      "description": "Test password for authentication",
      "type": "secret",
      "enabled": true
    },
    {
      "key": "admin_username",
      "value": "testadmin",
      "description": "Test admin username",
      "type": "default",
      "enabled": true
    },
    {
      "key": "admin_password",
      "value": "password123",
      "description": "Test admin password",
      "type": "secret",
      "enabled": true
    }
  ],
  "_postman_variable_scope": "environment"
}