{
  "info": {
    "name": "🚀 BrandSnap API - Complete Collection",
    "description": "Comprehensive Postman collection for the entire BrandSnap API platform covering authentication, brand management, API keys, analytics, user management, and administrative functions. Includes automated tests, proper authentication handling, and comprehensive examples.",
    "version": "2.0.0",
    "schema": "https://schema.getpostman.com/json/collection/v2.1.0/collection.json"
  },
  "variable": [
    {
      "key": "base_url",
      "value": "http://localhost:8080/myapp",
      "type": "string",
      "description": "Base URL for the BrandSnap API"
    },
    {
      "key": "jwt_token",
      "value": "",
      "type": "string",
      "description": "Current JWT authentication token"
    },
    {
      "key": "refresh_token",
      "value": "",
      "type": "string",
      "description": "JWT refresh token for token renewal"
    },
    {
      "key": "api_key",
      "value": "",
      "type": "string",
      "description": "API key for external API access"
    },
    {
      "key": "user_id",
      "value": "",
      "type": "string",
      "description": "Current authenticated user ID"
    },
    {
      "key": "company_id",
      "value": "",
      "type": "string",
      "description": "Current company/organization ID"
    },
    {
      "key": "brand_id",
      "value": "",
      "type": "string",
      "description": "Sample brand ID for testing"
    }
  ],
  "auth": {
    "type": "bearer",
    "bearer": [
      {
        "key": "token",
        "value": "{{jwt_token}}",
        "type": "string"
      }
    ]
  },
  "item": [
    {
      "name": "🔐 Authentication & User Management",
      "description": "Core authentication, registration, and user account management endpoints",
      "item": [
        {
          "name": "User Registration",
          "request": {
            "method": "POST",
            "header": [
              {
                "key": "Content-Type",
                "value": "application/json",
                "type": "text"
              }
            ],
            "body": {
              "mode": "raw",
              "raw": "{\n  \"username\": \"newuser123\",\n  \"email\": \"newuser@example.com\",\n  \"password\": \"SecurePassword123!\",\n  \"firstName\": \"John\",\n  \"lastName\": \"Doe\",\n  \"companyName\": \"Test Company\",\n  \"agreeToTerms\": true\n}"
            },
            "url": {
              "raw": "{{base_url}}/auth/register",
              "host": ["{{base_url}}"],
              "path": ["auth", "register"]
            },
            "description": "Register a new user account with email verification"
          },
          "response": [
            {
              "name": "Registration Success",
              "originalRequest": {
                "method": "POST",
                "header": [
                  {
                    "key": "Content-Type",
                    "value": "application/json"
                  }
                ],
                "body": {
                  "mode": "raw",
                  "raw": "{\n  \"username\": \"newuser123\",\n  \"email\": \"newuser@example.com\",\n  \"password\": \"SecurePassword123!\",\n  \"firstName\": \"John\",\n  \"lastName\": \"Doe\",\n  \"companyName\": \"Test Company\",\n  \"agreeToTerms\": true\n}"
                },
                "url": {
                  "raw": "{{base_url}}/auth/register",
                  "host": ["{{base_url}}"],
                  "path": ["auth", "register"]
                }
              },
              "status": "OK",
              "code": 200,
              "_postman_previewlanguage": "json",
              "header": [],
              "cookie": [],
              "body": "{\n  \"success\": true,\n  \"message\": \"User registered successfully. Please check your email to verify your account.\",\n  \"userId\": 123,\n  \"username\": \"newuser123\",\n  \"email\": \"newuser@example.com\",\n  \"emailVerificationRequired\": true\n}"
            }
          ],
          "event": [
            {
              "listen": "test",
              "script": {
                "exec": [
                  "pm.test('Registration successful', function () {",
                  "    pm.response.to.have.status(200);",
                  "});",
                  "",
                  "pm.test('Response contains user info', function () {",
                  "    const responseJson = pm.response.json();",
                  "    pm.expect(responseJson.success).to.be.true;",
                  "    pm.expect(responseJson.userId).to.be.a('number');",
                  "    pm.expect(responseJson.username).to.be.a('string');",
                  "});"
                ],
                "type": "text/javascript"
              }
            }
          ]
        },
        {
          "name": "User Login",
          "request": {
            "method": "POST",
            "header": [
              {
                "key": "Content-Type",
                "value": "application/json",
                "type": "text"
              }
            ],
            "body": {
              "mode": "raw",
              "raw": "{\n  \"username\": \"testuser\",\n  \"password\": \"password123\"\n}"
            },
            "url": {
              "raw": "{{base_url}}/auth/login",
              "host": ["{{base_url}}"],
              "path": ["auth", "login"]
            },
            "description": "Authenticate user and receive JWT tokens"
          },
          "response": [
            {
              "name": "Login Success",
              "originalRequest": {
                "method": "POST",
                "header": [
                  {
                    "key": "Content-Type",
                    "value": "application/json"
                  }
                ],
                "body": {
                  "mode": "raw",
                  "raw": "{\n  \"username\": \"testuser\",\n  \"password\": \"password123\"\n}"
                },
                "url": {
                  "raw": "{{base_url}}/auth/login",
                  "host": ["{{base_url}}"],
                  "path": ["auth", "login"]
                }
              },
              "status": "OK",
              "code": 200,
              "_postman_previewlanguage": "json",
              "header": [],
              "cookie": [],
              "body": "{\n  \"success\": true,\n  \"token\": \"eyJhbGciOiJIUzI1NiIsInR5cCI6IkpXVCJ9...\",\n  \"refreshToken\": \"refresh_token_here\",\n  \"tokenType\": \"Bearer\",\n  \"expiresIn\": 36000,\n  \"user\": {\n    \"id\": 1,\n    \"username\": \"testuser\",\n    \"email\": \"test@example.com\",\n    \"role\": \"USER\",\n    \"firstName\": \"Test\",\n    \"lastName\": \"User\"\n  }\n}"
            }
          ],
          "event": [
            {
              "listen": "test",
              "script": {
                "exec": [
                  "if (pm.response.code === 200) {",
                  "    const responseJson = pm.response.json();",
                  "    if (responseJson.token) {",
                  "        pm.collectionVariables.set('jwt_token', responseJson.token);",
                  "        console.log('✅ JWT token saved');",
                  "    }",
                  "    if (responseJson.refreshToken) {",
                  "        pm.collectionVariables.set('refresh_token', responseJson.refreshToken);",
                  "    }",
                  "    if (responseJson.user && responseJson.user.id) {",
                  "        pm.collectionVariables.set('user_id', responseJson.user.id.toString());",
                  "    }",
                  "}",
                  "",
                  "pm.test('Login successful', function () {",
                  "    pm.response.to.have.status(200);",
                  "});",
                  "",
                  "pm.test('JWT token received', function () {",
                  "    const responseJson = pm.response.json();",
                  "    pm.expect(responseJson.token).to.be.a('string');",
                  "    pm.expect(responseJson.token.length).to.be.greaterThan(50);",
                  "});"
                ],
                "type": "text/javascript"
              }
            }
          ]
        },
        {
          "name": "Refresh Token",
          "request": {
            "method": "POST",
            "header": [
              {
                "key": "Content-Type",
                "value": "application/json",
                "type": "text"
              }
            ],
            "body": {
              "mode": "raw",
              "raw": "{\n  \"refreshToken\": \"{{refresh_token}}\"\n}"
            },
            "url": {
              "raw": "{{base_url}}/auth/refresh",
              "host": ["{{base_url}}"],
              "path": ["auth", "refresh"]
            },
            "description": "Refresh JWT token using refresh token"
          }
        },
        {
          "name": "Get User Profile",
          "request": {
            "method": "GET",
            "header": [
              {
                "key": "Authorization",
                "value": "Bearer {{jwt_token}}",
                "type": "text"
              }
            ],
            "url": {
              "raw": "{{base_url}}/api/users/profile",
              "host": ["{{base_url}}"],
              "path": ["api", "users", "profile"]
            },
            "description": "Get current user's profile information"
          }
        },
        {
          "name": "Update User Profile",
          "request": {
            "method": "PUT",
            "header": [
              {
                "key": "Authorization",
                "value": "Bearer {{jwt_token}}",
                "type": "text"
              },
              {
                "key": "Content-Type",
                "value": "application/json",
                "type": "text"
              }
            ],
            "body": {
              "mode": "raw",
              "raw": "{\n  \"firstName\": \"Updated\",\n  \"lastName\": \"Name\",\n  \"email\": \"updated@example.com\",\n  \"phoneNumber\": \"+1234567890\"\n}"
            },
            "url": {
              "raw": "{{base_url}}/api/users/profile",
              "host": ["{{base_url}}"],
              "path": ["api", "users", "profile"]
            },
            "description": "Update current user's profile information"
          }
        },
        {
          "name": "Change Password",
          "request": {
            "method": "PUT",
            "header": [
              {
                "key": "Authorization",
                "value": "Bearer {{jwt_token}}",
                "type": "text"
              },
              {
                "key": "Content-Type",
                "value": "application/json",
                "type": "text"
              }
            ],
            "body": {
              "mode": "raw",
              "raw": "{\n  \"currentPassword\": \"oldpassword123\",\n  \"newPassword\": \"newpassword123\",\n  \"confirmPassword\": \"newpassword123\"\n}"
            },
            "url": {
              "raw": "{{base_url}}/auth/change-password",
              "host": ["{{base_url}}"],
              "path": ["auth", "change-password"]
            },
            "description": "Change user's password"
          }
        },
        {
          "name": "Logout",
          "request": {
            "method": "POST",
            "header": [
              {
                "key": "Authorization",
                "value": "Bearer {{jwt_token}}",
                "type": "text"
              }
            ],
            "url": {
              "raw": "{{base_url}}/auth/logout",
              "host": ["{{base_url}}"],
              "path": ["auth", "logout"]
            },
            "description": "Logout user and invalidate tokens"
          }
        }
      ]
    },
    {
      "name": "🔑 API Key Management",
      "description": "Create, manage, and monitor API keys for external access",
      "item": [
        {
          "name": "Create API Key",
          "request": {
            "method": "POST",
            "header": [
              {
                "key": "Authorization",
                "value": "Bearer {{jwt_token}}",
                "type": "text"
              },
              {
                "key": "Content-Type",
                "value": "application/json",
                "type": "text"
              }
            ],
            "body": {
              "mode": "raw",
              "raw": "{\n  \"name\": \"Production API Key\",\n  \"description\": \"API key for production environment\",\n  \"environment\": \"PRODUCTION\",\n  \"rateLimitTier\": \"PROFESSIONAL\",\n  \"allowedDomains\": [\"example.com\", \"api.example.com\"],\n  \"scopes\": [\"brand:read\", \"analytics:read\"]\n}"
            },
            "url": {
              "raw": "{{base_url}}/api/keys",
              "host": ["{{base_url}}"],
              "path": ["api", "keys"]
            },
            "description": "Create a new API key with specified permissions and rate limits"
          },
          "event": [
            {
              "listen": "test",
              "script": {
                "exec": [
                  "if (pm.response.code === 201) {",
                  "    const responseJson = pm.response.json();",
                  "    if (responseJson.apiKey) {",
                  "        pm.collectionVariables.set('api_key', responseJson.apiKey);",
                  "        console.log('✅ API key saved to collection variables');",
                  "    }",
                  "}",
                  "",
                  "pm.test('API key created successfully', function () {",
                  "    pm.expect(pm.response.code).to.be.oneOf([200, 201]);",
                  "});",
                  "",
                  "pm.test('Response contains API key', function () {",
                  "    const responseJson = pm.response.json();",
                  "    pm.expect(responseJson.apiKey).to.be.a('string');",
                  "    pm.expect(responseJson.keyId).to.be.a('number');",
                  "});"
                ],
                "type": "text/javascript"
              }
            }
          ]
        },
        {
          "name": "Get My API Keys",
          "request": {
            "method": "GET",
            "header": [
              {
                "key": "Authorization",
                "value": "Bearer {{jwt_token}}",
                "type": "text"
              }
            ],
            "url": {
              "raw": "{{base_url}}/api/keys",
              "host": ["{{base_url}}"],
              "path": ["api", "keys"],
              "query": [
                {
                  "key": "page",
                  "value": "0",
                  "disabled": true
                },
                {
                  "key": "size",
                  "value": "10",
                  "disabled": true
                }
              ]
            },
            "description": "Get all API keys for the current user"
          }
        },
        {
          "name": "Get API Key Details",
          "request": {
            "method": "GET",
            "header": [
              {
                "key": "Authorization",
                "value": "Bearer {{jwt_token}}",
                "type": "text"
              }
            ],
            "url": {
              "raw": "{{base_url}}/api/keys/:keyId",
              "host": ["{{base_url}}"],
              "path": ["api", "keys", ":keyId"],
              "variable": [
                {
                  "key": "keyId",
                  "value": "1",
                  "description": "API Key ID"
                }
              ]
            },
            "description": "Get detailed information about a specific API key"
          }
        },
        {
          "name": "Update API Key",
          "request": {
            "method": "PUT",
            "header": [
              {
                "key": "Authorization",
                "value": "Bearer {{jwt_token}}",
                "type": "text"
              },
              {
                "key": "Content-Type",
                "value": "application/json",
                "type": "text"
              }
            ],
            "body": {
              "mode": "raw",
              "raw": "{\n  \"name\": \"Updated API Key\",\n  \"description\": \"Updated description\",\n  \"allowedDomains\": [\"newdomain.com\"],\n  \"isActive\": true\n}"
            },
            "url": {
              "raw": "{{base_url}}/api/keys/:keyId",
              "host": ["{{base_url}}"],
              "path": ["api", "keys", ":keyId"],
              "variable": [
                {
                  "key": "keyId",
                  "value": "1",
                  "description": "API Key ID"
                }
              ]
            },
            "description": "Update API key settings and permissions"
          }
        },
        {
          "name": "Revoke API Key",
          "request": {
            "method": "DELETE",
            "header": [
              {
                "key": "Authorization",
                "value": "Bearer {{jwt_token}}",
                "type": "text"
              }
            ],
            "url": {
              "raw": "{{base_url}}/api/keys/:keyId",
              "host": ["{{base_url}}"],
              "path": ["api", "keys", ":keyId"],
              "variable": [
                {
                  "key": "keyId",
                  "value": "1",
                  "description": "API Key ID"
                }
              ]
            },
            "description": "Permanently revoke an API key"
          }
        },
        {
          "name": "Get API Key Usage Statistics",
          "request": {
            "method": "GET",
            "header": [
              {
                "key": "Authorization",
                "value": "Bearer {{jwt_token}}",
                "type": "text"
              }
            ],
            "url": {
              "raw": "{{base_url}}/api/keys/:keyId/usage",
              "host": ["{{base_url}}"],
              "path": ["api", "keys", ":keyId", "usage"],
              "variable": [
                {
                  "key": "keyId",
                  "value": "1",
                  "description": "API Key ID"
                }
              ],
              "query": [
                {
                  "key": "startDate",
                  "value": "2025-01-01",
                  "disabled": true
                },
                {
                  "key": "endDate",
                  "value": "2025-01-31",
                  "disabled": true
                }
              ]
            },
            "description": "Get usage statistics for a specific API key"
          }
        }
      ]
    },
    {
      "name": "🏢 Brand Information API",
      "description": "Core brand data retrieval and management endpoints",
      "item": [
        {
          "name": "Get Brand Info by Domain",
          "request": {
            "method": "GET",
            "header": [
              {
                "key": "Authorization",
                "value": "Bearer {{jwt_token}}",
                "type": "text"
              }
            ],
            "url": {
              "raw": "{{base_url}}/api/brand-info",
              "host": ["{{base_url}}"],
              "path": ["api", "brand-info"],
              "query": [
                {
                  "key": "domain",
                  "value": "apple.com",
                  "description": "Target domain to extract brand information"
                }
              ]
            },
            "description": "Extract brand information from a given domain"
          },
          "response": [
            {
              "name": "Brand Info Success",
              "originalRequest": {
                "method": "GET",
                "header": [
                  {
                    "key": "Authorization",
                    "value": "Bearer {{jwt_token}}"
                  }
                ],
                "url": {
                  "raw": "{{base_url}}/api/brand-info?domain=apple.com",
                  "host": ["{{base_url}}"],
                  "path": ["api", "brand-info"],
                  "query": [
                    {
                      "key": "domain",
                      "value": "apple.com"
                    }
                  ]
                }
              },
              "status": "OK",
              "code": 200,
              "_postman_previewlanguage": "json",
              "header": [],
              "cookie": [],
              "body": "{\n  \"success\": true,\n  \"domain\": \"apple.com\",\n  \"brandName\": \"Apple Inc.\",\n  \"description\": \"Technology company\",\n  \"logo\": \"https://example.com/apple-logo.png\",\n  \"colors\": [\"#000000\", \"#FFFFFF\"],\n  \"category\": \"Technology\",\n  \"extractedAt\": \"2025-08-29T10:30:45.123Z\",\n  \"confidence\": 0.95\n}"
            }
          ],
          "event": [
            {
              "listen": "test",
              "script": {
                "exec": [
                  "pm.test('Brand info retrieved successfully', function () {",
                  "    pm.response.to.have.status(200);",
                  "});",
                  "",
                  "pm.test('Response contains brand data', function () {",
                  "    const responseJson = pm.response.json();",
                  "    pm.expect(responseJson.success).to.be.true;",
                  "    pm.expect(responseJson.domain).to.be.a('string');",
                  "    pm.expect(responseJson.brandName).to.be.a('string');",
                  "});"
                ],
                "type": "text/javascript"
              }
            }
          ]
        },
        {
          "name": "Get Brand Info with API Key",
          "request": {
            "method": "GET",
            "header": [
              {
                "key": "X-API-Key",
                "value": "{{api_key}}",
                "type": "text"
              }
            ],
            "url": {
              "raw": "{{base_url}}/api/brand-info",
              "host": ["{{base_url}}"],
              "path": ["api", "brand-info"],
              "query": [
                {
                  "key": "domain",
                  "value": "google.com",
                  "description": "Target domain"
                }
              ]
            },
            "description": "Get brand information using API key authentication"
          }
        },
        {
          "name": "Search Brands",
          "request": {
            "method": "GET",
            "header": [
              {
                "key": "Authorization",
                "value": "Bearer {{jwt_token}}",
                "type": "text"
              }
            ],
            "url": {
              "raw": "{{base_url}}/api/brands/search",
              "host": ["{{base_url}}"],
              "path": ["api", "brands", "search"],
              "query": [
                {
                  "key": "query",
                  "value": "technology",
                  "description": "Search term"
                },
                {
                  "key": "category",
                  "value": "Technology",
                  "disabled": true
                },
                {
                  "key": "page",
                  "value": "0",
                  "disabled": true
                },
                {
                  "key": "size",
                  "value": "20",
                  "disabled": true
                }
              ]
            },
            "description": "Search for brands by name, category, or other criteria"
          }
        },
        {
          "name": "Get Brand Categories",
          "request": {
            "method": "GET",
            "header": [
              {
                "key": "Authorization",
                "value": "Bearer {{jwt_token}}",
                "type": "text"
              }
            ],
            "url": {
              "raw": "{{base_url}}/api/categories",
              "host": ["{{base_url}}"],
              "path": ["api", "categories"]
            },
            "description": "Get all available brand categories"
          }
        },
        {
          "name": "Get Brand by ID",
          "request": {
            "method": "GET",
            "header": [
              {
                "key": "Authorization",
                "value": "Bearer {{jwt_token}}",
                "type": "text"
              }
            ],
            "url": {
              "raw": "{{base_url}}/api/brands/:brandId",
              "host": ["{{base_url}}"],
              "path": ["api", "brands", ":brandId"],
              "variable": [
                {
                  "key": "brandId",
                  "value": "1",
                  "description": "Brand ID"
                }
              ]
            },
            "description": "Get detailed information about a specific brand"
          }
        }
      ]
    },
    {
      "name": "📊 Analytics & Dashboard",
      "description": "Usage analytics, statistics, and dashboard data endpoints",
      "item": [
        {
          "name": "Get Dashboard Overview",
          "request": {
            "method": "GET",
            "header": [
              {
                "key": "Authorization",
                "value": "Bearer {{jwt_token}}",
                "type": "text"
              }
            ],
            "url": {
              "raw": "{{base_url}}/api/dashboard/overview",
              "host": ["{{base_url}}"],
              "path": ["api", "dashboard", "overview"]
            },
            "description": "Get dashboard overview with key metrics and statistics"
          },
          "response": [
            {
              "name": "Dashboard Overview",
              "originalRequest": {
                "method": "GET",
                "header": [
                  {
                    "key": "Authorization",
                    "value": "Bearer {{jwt_token}}"
                  }
                ],
                "url": {
                  "raw": "{{base_url}}/api/dashboard/overview",
                  "host": ["{{base_url}}"],
                  "path": ["api", "dashboard", "overview"]
                }
              },
              "status": "OK",
              "code": 200,
              "_postman_previewlanguage": "json",
              "header": [],
              "cookie": [],
              "body": "{\n  \"totalApiKeys\": 5,\n  \"totalRequests\": 15420,\n  \"requestsThisMonth\": 3200,\n  \"successfulRequests\": 14980,\n  \"failedRequests\": 440,\n  \"topDomains\": [\n    {\"domain\": \"apple.com\", \"count\": 1200},\n    {\"domain\": \"google.com\", \"count\": 980}\n  ],\n  \"rateLimitStatus\": {\n    \"tier\": \"PROFESSIONAL\",\n    \"limit\": 10000,\n    \"used\": 3200,\n    \"remaining\": 6800,\n    \"resetTime\": \"2025-09-01T00:00:00Z\"\n  }\n}"
            }
          ]
        },
        {
          "name": "Get API Usage Analytics",
          "request": {
            "method": "GET",
            "header": [
              {
                "key": "Authorization",
                "value": "Bearer {{jwt_token}}",
                "type": "text"
              }
            ],
            "url": {
              "raw": "{{base_url}}/api/analytics/usage",
              "host": ["{{base_url}}"],
              "path": ["api", "analytics", "usage"],
              "query": [
                {
                  "key": "startDate",
                  "value": "2025-08-01",
                  "description": "Start date for analytics period"
                },
                {
                  "key": "endDate",
                  "value": "2025-08-31",
                  "description": "End date for analytics period"
                },
                {
                  "key": "groupBy",
                  "value": "day",
                  "description": "Group by: day, week, month"
                }
              ]
            },
            "description": "Get detailed API usage analytics for a date range"
          }
        },
        {
          "name": "Get Top Requested Domains",
          "request": {
            "method": "GET",
            "header": [
              {
                "key": "Authorization",
                "value": "Bearer {{jwt_token}}",
                "type": "text"
              }
            ],
            "url": {
              "raw": "{{base_url}}/api/analytics/top-domains",
              "host": ["{{base_url}}"],
              "path": ["api", "analytics", "top-domains"],
              "query": [
                {
                  "key": "limit",
                  "value": "10",
                  "disabled": true
                },
                {
                  "key": "period",
                  "value": "30d",
                  "disabled": true
                }
              ]
            },
            "description": "Get most frequently requested domains"
          }
        },
        {
          "name": "Get Error Analytics",
          "request": {
            "method": "GET",
            "header": [
              {
                "key": "Authorization",
                "value": "Bearer {{jwt_token}}",
                "type": "text"
              }
            ],
            "url": {
              "raw": "{{base_url}}/api/analytics/errors",
              "host": ["{{base_url}}"],
              "path": ["api", "analytics", "errors"],
              "query": [
                {
                  "key": "startDate",
                  "value": "2025-08-01",
                  "disabled": true
                },
                {
                  "key": "endDate",
                  "value": "2025-08-31",
                  "disabled": true
                }
              ]
            },
            "description": "Get error statistics and common failure reasons"
          }
        },
        {
          "name": "Get Rate Limit Status",
          "request": {
            "method": "GET",
            "header": [
              {
                "key": "Authorization",
                "value": "Bearer {{jwt_token}}",
                "type": "text"
              }
            ],
            "url": {
              "raw": "{{base_url}}/api/analytics/rate-limit-status",
              "host": ["{{base_url}}"],
              "path": ["api", "analytics", "rate-limit-status"]
            },
            "description": "Get current rate limit status for all user's API keys"
          }
        }
      ]
    },
    {
      "name": "🏛️ Role Management",
      "description": "Role-based access control and permissions management",
      "item": [
        {
          "name": "Get All Roles",
          "request": {
            "method": "GET",
            "header": [
              {
                "key": "Authorization",
                "value": "Bearer {{jwt_token}}",
                "type": "text"
              }
            ],
            "url": {
              "raw": "{{base_url}}/api/roles",
              "host": ["{{base_url}}"],
              "path": ["api", "roles"]
            },
            "description": "Get all available roles in the system (ADMIN access required)"
          }
        },
        {
          "name": "Get Role by ID",
          "request": {
            "method": "GET",
            "header": [
              {
                "key": "Authorization",
                "value": "Bearer {{jwt_token}}",
                "type": "text"
              }
            ],
            "url": {
              "raw": "{{base_url}}/api/roles/:roleId",
              "host": ["{{base_url}}"],
              "path": ["api", "roles", ":roleId"],
              "variable": [
                {
                  "key": "roleId",
                  "value": "1",
                  "description": "Role ID (1=User, 2=Admin, 3=Super Admin)"
                }
              ]
            },
            "description": "Get specific role information by ID"
          }
        },
        {
          "name": "Get Current User Role Info",
          "request": {
            "method": "GET",
            "header": [
              {
                "key": "Authorization",
                "value": "Bearer {{jwt_token}}",
                "type": "text"
              }
            ],
            "url": {
              "raw": "{{base_url}}/api/demo/my-role-info",
              "host": ["{{base_url}}"],
              "path": ["api", "demo", "my-role-info"]
            },
            "description": "Get current user's role information and permissions"
          }
        },
        {
          "name": "Test Access Matrix",
          "request": {
            "method": "GET",
            "header": [
              {
                "key": "Authorization",
                "value": "Bearer {{jwt_token}}",
                "type": "text"
              }
            ],
            "url": {
              "raw": "{{base_url}}/api/demo/access-test",
              "host": ["{{base_url}}"],
              "path": ["api", "demo", "access-test"]
            },
            "description": "Test what endpoints current user can access based on their role"
          }
        }
      ]
    },
    {
      "name": "🏢 Company Management",
      "description": "Organization and company management endpoints",
      "item": [
        {
          "name": "Get Company Profile",
          "request": {
            "method": "GET",
            "header": [
              {
                "key": "Authorization",
                "value": "Bearer {{jwt_token}}",
                "type": "text"
              }
            ],
            "url": {
              "raw": "{{base_url}}/api/companies/profile",
              "host": ["{{base_url}}"],
              "path": ["api", "companies", "profile"]
            },
            "description": "Get current user's company profile"
          }
        },
        {
          "name": "Update Company Profile",
          "request": {
            "method": "PUT",
            "header": [
              {
                "key": "Authorization",
                "value": "Bearer {{jwt_token}}",
                "type": "text"
              },
              {
                "key": "Content-Type",
                "value": "application/json",
                "type": "text"
              }
            ],
            "body": {
              "mode": "raw",
              "raw": "{\n  \"companyName\": \"Updated Company Name\",\n  \"industry\": \"Technology\",\n  \"website\": \"https://company.com\",\n  \"description\": \"Company description\",\n  \"address\": {\n    \"street\": \"123 Main St\",\n    \"city\": \"San Francisco\",\n    \"state\": \"CA\",\n    \"zipCode\": \"94105\",\n    \"country\": \"USA\"\n  }\n}"
            },
            "url": {
              "raw": "{{base_url}}/api/companies/profile",
              "host": ["{{base_url}}"],
              "path": ["api", "companies", "profile"]
            },
            "description": "Update company profile information"
          }
        },
        {
          "name": "Get Company Users",
          "request": {
            "method": "GET",
            "header": [
              {
                "key": "Authorization",
                "value": "Bearer {{jwt_token}}",
                "type": "text"
              }
            ],
            "url": {
              "raw": "{{base_url}}/api/companies/users",
              "host": ["{{base_url}}"],
              "path": ["api", "companies", "users"],
              "query": [
                {
                  "key": "page",
                  "value": "0",
                  "disabled": true
                },
                {
                  "key": "size",
                  "value": "20",
                  "disabled": true
                }
              ]
            },
            "description": "Get all users in the current company (ADMIN access required)"
          }
        }
      ]
    },
    {
      "name": "📁 File Management",
      "description": "File upload and management endpoints",
      "item": [
        {
          "name": "Upload File",
          "request": {
            "method": "POST",
            "header": [
              {
                "key": "Authorization",
                "value": "Bearer {{jwt_token}}",
                "type": "text"
              }
            ],
            "body": {
              "mode": "formdata",
              "formdata": [
                {
                  "key": "file",
                  "type": "file",
                  "src": []
                },
                {
                  "key": "category",
                  "value": "brand_logo",
                  "type": "text"
                },
                {
                  "key": "description",
                  "value": "Brand logo upload",
                  "type": "text"
                }
              ]
            },
            "url": {
              "raw": "{{base_url}}/api/files/upload",
              "host": ["{{base_url}}"],
              "path": ["api", "files", "upload"]
            },
            "description": "Upload a file to the system"
          }
        },
        {
          "name": "Get Uploaded Files",
          "request": {
            "method": "GET",
            "header": [
              {
                "key": "Authorization",
                "value": "Bearer {{jwt_token}}",
                "type": "text"
              }
            ],
            "url": {
              "raw": "{{base_url}}/api/files",
              "host": ["{{base_url}}"],
              "path": ["api", "files"],
              "query": [
                {
                  "key": "category",
                  "value": "brand_logo",
                  "disabled": true
                }
              ]
            },
            "description": "Get list of uploaded files for current user"
          }
        }
      ]
    },
    {
      "name": "🔧 Admin Functions",
      "description": "Administrative endpoints (ADMIN/SUPER_ADMIN access required)",
      "item": [
        {
          "name": "Get All Users (Admin)",
          "request": {
            "method": "GET",
            "header": [
              {
                "key": "Authorization",
                "value": "Bearer {{jwt_token}}",
                "type": "text"
              }
            ],
            "url": {
              "raw": "{{base_url}}/api/admin/users",
              "host": ["{{base_url}}"],
              "path": ["api", "admin", "users"],
              "query": [
                {
                  "key": "page",
                  "value": "0",
                  "disabled": true
                },
                {
                  "key": "size",
                  "value": "20",
                  "disabled": true
                },
                {
                  "key": "role",
                  "value": "USER",
                  "disabled": true
                }
              ]
            },
            "description": "Get all system users (ADMIN access required)"
          }
        },
        {
          "name": "Get System Statistics",
          "request": {
            "method": "GET",
            "header": [
              {
                "key": "Authorization",
                "value": "Bearer {{jwt_token}}",
                "type": "text"
              }
            ],
            "url": {
              "raw": "{{base_url}}/api/admin/statistics",
              "host": ["{{base_url}}"],
              "path": ["api", "admin", "statistics"]
            },
            "description": "Get system-wide statistics (ADMIN access required)"
          }
        },
        {
          "name": "Manage User API Keys (Admin)",
          "request": {
            "method": "GET",
            "header": [
              {
                "key": "Authorization",
                "value": "Bearer {{jwt_token}}",
                "type": "text"
              }
            ],
            "url": {
              "raw": "{{base_url}}/api/admin/api-keys",
              "host": ["{{base_url}}"],
              "path": ["api", "admin", "api-keys"],
              "query": [
                {
                  "key": "userId",
                  "value": "123",
                  "disabled": true
                },
                {
                  "key": "status",
                  "value": "active",
                  "disabled": true
                }
              ]
            },
            "description": "Get and manage all API keys in the system (ADMIN access required)"
          }
        },
        {
          "name": "Update User Role (Admin)",
          "request": {
            "method": "PUT",
            "header": [
              {
                "key": "Authorization",
                "value": "Bearer {{jwt_token}}",
                "type": "text"
              },
              {
                "key": "Content-Type",
                "value": "application/json",
                "type": "text"
              }
            ],
            "body": {
              "mode": "raw",
              "raw": "{\n  \"userId\": 123,\n  \"newRole\": \"ADMIN\",\n  \"reason\": \"Promotion to administrator role\"\n}"
            },
            "url": {
              "raw": "{{base_url}}/api/admin/users/role",
              "host": ["{{base_url}}"],
              "path": ["api", "admin", "users", "role"]
            },
            "description": "Update user role (SUPER_ADMIN access required)"
          }
        }
      ]
    },
    {
      "name": "📞 External API Integration",
      "description": "Integration with external services and APIs",
      "item": [
        {
          "name": "Forward API Request",
          "request": {
            "method": "POST",
            "header": [
              {
                "key": "Authorization",
                "value": "Bearer {{jwt_token}}",
                "type": "text"
              },
              {
                "key": "Content-Type",
                "value": "application/json",
                "type": "text"
              }
            ],
            "body": {
              "mode": "raw",
              "raw": "{\n  \"targetUrl\": \"https://api.example.com/data\",\n  \"method\": \"GET\",\n  \"headers\": {\n    \"Accept\": \"application/json\"\n  },\n  \"parameters\": {\n    \"query\": \"brand information\"\n  }\n}"
            },
            "url": {
              "raw": "{{base_url}}/api/external/forward",
              "host": ["{{base_url}}"],
              "path": ["api", "external", "forward"]
            },
            "description": "Forward request to external API through BrandSnap proxy"
          }
        },
        {
          "name": "Get External Service Status",
          "request": {
            "method": "GET",
            "header": [
              {
                "key": "Authorization",
                "value": "Bearer {{jwt_token}}",
                "type": "text"
              }
            ],
            "url": {
              "raw": "{{base_url}}/api/external/status",
              "host": ["{{base_url}}"],
              "path": ["api", "external", "status"]
            },
            "description": "Get status of external service integrations"
          }
        }
      ]
    },
    {
      "name": "🔍 Reference Data",
      "description": "Categories, countries, regions and other reference data",
      "item": [
        {
          "name": "Get Countries",
          "request": {
            "method": "GET",
            "header": [],
            "url": {
              "raw": "{{base_url}}/api/reference/countries",
              "host": ["{{base_url}}"],
              "path": ["api", "reference", "countries"]
            },
            "description": "Get list of all countries (public endpoint)"
          }
        },
        {
          "name": "Get Regions",
          "request": {
            "method": "GET",
            "header": [],
            "url": {
              "raw": "{{base_url}}/api/reference/regions",
              "host": ["{{base_url}}"],
              "path": ["api", "reference", "regions"],
              "query": [
                {
                  "key": "countryId",
                  "value": "1",
                  "disabled": true
                }
              ]
            },
            "description": "Get regions, optionally filtered by country"
          }
        },
        {
          "name": "Get Industries",
          "request": {
            "method": "GET",
            "header": [],
            "url": {
              "raw": "{{base_url}}/api/reference/industries",
              "host": ["{{base_url}}"],
              "path": ["api", "reference", "industries"]
            },
            "description": "Get list of available industries"
          }
        },
        {
          "name": "Get Plan Configurations",
          "request": {
            "method": "GET",
            "header": [
              {
                "key": "Authorization",
                "value": "Bearer {{jwt_token}}",
                "type": "text"
              }
            ],
            "url": {
              "raw": "{{base_url}}/api/reference/plans",
              "host": ["{{base_url}}"],
              "path": ["api", "reference", "plans"]
            },
            "description": "Get available subscription plans and configurations"
          }
        }
      ]
    },
    {
      "name": "🏥 Health & Monitoring",
      "description": "System health checks, monitoring, and testing endpoints",
      "item": [
        {
          "name": "Health Check",
          "request": {
            "method": "GET",
            "header": [],
            "url": {
              "raw": "{{base_url}}/actuator/health",
              "host": ["{{base_url}}"],
              "path": ["actuator", "health"]
            },
            "description": "Check application health status"
          },
          "event": [
            {
              "listen": "test",
              "script": {
                "exec": [
                  "pm.test('Application is healthy', function () {",
                  "    pm.response.to.have.status(200);",
                  "    const responseJson = pm.response.json();",
                  "    pm.expect(responseJson.status).to.eql('UP');",
                  "});"
                ],
                "type": "text/javascript"
              }
            }
          ]
        },
        {
          "name": "Application Info",
          "request": {
            "method": "GET",
            "header": [],
            "url": {
              "raw": "{{base_url}}/actuator/info",
              "host": ["{{base_url}}"],
              "path": ["actuator", "info"]
            },
            "description": "Get application information and version"
          }
        },
        {
          "name": "System Health Details",
          "request": {
            "method": "GET",
            "header": [
              {
                "key": "Authorization",
                "value": "Bearer {{jwt_token}}",
                "type": "text"
              }
            ],
            "url": {
              "raw": "{{base_url}}/api/system/health",
              "host": ["{{base_url}}"],
              "path": ["api", "system", "health"]
            },
            "description": "Get detailed system health information (ADMIN access required)"
          }
        },
        {
          "name": "JWT Debug",
          "request": {
            "method": "GET",
            "header": [
              {
                "key": "Authorization",
                "value": "Bearer {{jwt_token}}",
                "type": "text"
              }
            ],
            "url": {
              "raw": "{{base_url}}/api/test/jwt/debug",
              "host": ["{{base_url}}"],
              "path": ["api", "test", "jwt", "debug"]
            },
            "description": "Debug JWT token contents and claims"
          }
        },
        {
          "name": "Generate Test ID",
          "request": {
            "method": "GET",
            "header": [],
            "url": {
              "raw": "{{base_url}}/api/test/generate-id",
              "host": ["{{base_url}}"],
              "path": ["api", "test", "generate-id"]
            },
            "description": "Generate unique test ID for testing purposes"
          }
        }
      ]
    },
    {
      "name": "🧪 Testing & Validation",
      "description": "Comprehensive testing scenarios and validation workflows",
      "item": [
        {
          "name": "Test Public Endpoint",
          "request": {
            "method": "GET",
            "header": [],
            "url": {
              "raw": "{{base_url}}/api/demo/public",
              "host": ["{{base_url}}"],
              "path": ["api", "demo", "public"]
            },
            "description": "Test public endpoint that requires no authentication"
          }
        },
        {
          "name": "Test USER Access",
          "request": {
            "method": "GET",
            "header": [
              {
                "key": "Authorization",
                "value": "Bearer {{jwt_token}}",
                "type": "text"
              }
            ],
            "url": {
              "raw": "{{base_url}}/api/demo/user",
              "host": ["{{base_url}}"],
              "path": ["api", "demo", "user"]
            },
            "description": "Test endpoint that requires USER role or higher"
          }
        },
        {
          "name": "Test ADMIN Access",
          "request": {
            "method": "GET",
            "header": [
              {
                "key": "Authorization",
                "value": "Bearer {{jwt_token}}",
                "type": "text"
              }
            ],
            "url": {
              "raw": "{{base_url}}/api/demo/admin",
              "host": ["{{base_url}}"],
              "path": ["api", "demo", "admin"]
            },
            "description": "Test endpoint that requires ADMIN role or higher"
          }
        },
        {
          "name": "Test API Rate Limiting",
          "request": {
            "method": "GET",
            "header": [
              {
                "key": "X-API-Key",
                "value": "{{api_key}}",
                "type": "text"
              }
            ],
            "url": {
              "raw": "{{base_url}}/api/brand-info?domain=test.com",
              "host": ["{{base_url}}"],
              "path": ["api", "brand-info"],
              "query": [
                {
                  "key": "domain",
                  "value": "test.com"
                }
              ]
            },
            "description": "Test API rate limiting behavior"
          }
        }
      ]
    }
  ],
  "event": [
    {
      "listen": "prerequest",
      "script": {
        "type": "text/javascript",
        "exec": [
          "// Global pre-request script",
          "console.log('🚀 Executing: ' + pm.info.requestName);",
          "",
          "// Auto-set Authorization header if jwt_token is available",
          "const token = pm.collectionVariables.get('jwt_token');",
          "if (token && !pm.request.headers.has('Authorization')) {",
          "    pm.request.headers.add({",
          "        key: 'Authorization',",
          "        value: 'Bearer ' + token",
          "    });",
          "}",
          "",
          "// Set timestamp for request tracking",
          "pm.collectionVariables.set('request_timestamp', new Date().toISOString());"
        ]
      }
    },
    {
      "listen": "test",
      "script": {
        "type": "text/javascript",
        "exec": [
          "// Global test script for all requests",
          "const responseTime = pm.response.responseTime;",
          "console.log('⏱️ Response time: ' + responseTime + 'ms');",
          "",
          "// Performance monitoring",
          "pm.test('Response time is acceptable', function () {",
          "    pm.expect(responseTime).to.be.below(5000); // 5 second timeout",
          "});",
          "",
          "// Common error handling",
          "if (pm.response.code === 401) {",
          "    console.log('⚠️ Authentication failed - token may be expired');",
          "    console.log('💡 Use login endpoint to get fresh token');",
          "}",
          "",
          "if (pm.response.code === 403) {",
          "    console.log('⚠️ Access denied - insufficient permissions');",
          "    console.log('💡 Check role requirements for this endpoint');",
          "}",
          "",
          "if (pm.response.code === 429) {",
          "    console.log('⚠️ Rate limit exceeded');",
          "    const headers = pm.response.headers;",
          "    if (headers.has('X-Rate-Limit-Reset')) {",
          "        console.log('🕒 Rate limit resets at: ' + headers.get('X-Rate-Limit-Reset'));",
          "    }",
          "}",
          "",
          "// Success logging",
          "if (pm.response.code >= 200 && pm.response.code < 300) {",
          "    console.log('✅ Request successful (' + pm.response.code + ')');",
          "}",
          "",
          "// Error logging",
          "if (pm.response.code >= 400) {",
          "    console.log('❌ Request failed (' + pm.response.code + ')');",
          "    try {",
          "        const errorResponse = pm.response.json();",
          "        if (errorResponse.message) {",
          "            console.log('📋 Error message: ' + errorResponse.message);",
          "        }",
          "    } catch (e) {",
          "        console.log('📋 Raw response: ' + pm.response.text());",
          "    }",
          "}"
        ]
      }
    }
  ]
}