{
  "info": {
    "name": "BrandSnap API - Role Demo & Access Testing",
    "description": "Comprehensive Postman collection for testing role-based access control and demonstrating hierarchical role permissions. Includes test scenarios for USER, ADMIN, and SUPER_ADMIN access levels.",
    "version": "1.0.0",
    "schema": "https://schema.getpostman.com/json/collection/v2.1.0/collection.json"
  },
  "variable": [
    {
      "key": "base_url",
      "value": "http://localhost:8080/myapp",
      "type": "string"
    },
    {
      "key": "jwt_token",
      "value": "",
      "type": "string",
      "description": "JWT token for authenticated requests"
    },
    {
      "key": "user_jwt_token",
      "value": "",
      "type": "string",
      "description": "JWT token for USER role testing"
    },
    {
      "key": "admin_jwt_token",
      "value": "",
      "type": "string",
      "description": "JWT token for ADMIN role testing"
    },
    {
      "key": "super_admin_jwt_token",
      "value": "",
      "type": "string",
      "description": "JWT token for SUPER_ADMIN role testing"
    }
  ],
  "auth": {
    "type": "bearer",
    "bearer": [
      {
        "key": "token",
        "value": "{{jwt_token}}",
        "type": "string"
      }
    ]
  },
  "item": [
    {
      "name": "🌍 Public Access",
      "description": "Endpoints accessible without authentication",
      "item": [
        {
          "name": "Public Demo Endpoint",
          "request": {
            "method": "GET",
            "header": [
              {
                "key": "Content-Type",
                "value": "application/json",
                "type": "text"
              }
            ],
            "url": {
              "raw": "{{base_url}}/api/demo/public",
              "host": ["{{base_url}}"],
              "path": ["api", "demo", "public"]
            },
            "description": "Public endpoint accessible by anyone without authentication. Used to verify basic API functionality."
          },
          "response": [
            {
              "name": "Public Access Success",
              "originalRequest": {
                "method": "GET",
                "header": [],
                "url": {
                  "raw": "{{base_url}}/api/demo/public",
                  "host": ["{{base_url}}"],
                  "path": ["api", "demo", "public"]
                }
              },
              "status": "OK",
              "code": 200,
              "_postman_previewlanguage": "json",
              "header": [],
              "cookie": [],
              "body": "{\n  \"success\": true,\n  \"accessType\": \"PUBLIC_ACCESS\",\n  \"message\": \"This is a public endpoint - no authentication required\",\n  \"description\": \"Anyone can access this endpoint\",\n  \"timestamp\": \"2025-08-29T10:30:45.123\",\n  \"navigation\": {\n    \"roleInfo\": \"GET /api/demo/my-role-info - Get your role information\",\n    \"accessTest\": \"GET /api/demo/access-test - Test access matrix\",\n    \"jwtDebug\": \"GET /api/test/jwt/debug - Debug JWT token contents\"\n  }\n}"
            }
          ],
          "event": [
            {
              "listen": "test",
              "script": {
                "exec": [
                  "pm.test('Public endpoint is accessible without authentication', function () {",
                  "    pm.response.to.have.status(200);",
                  "});",
                  "",
                  "pm.test('Response contains public access data', function () {",
                  "    const responseJson = pm.response.json();",
                  "    pm.expect(responseJson.success).to.be.true;",
                  "    pm.expect(responseJson.accessType).to.eql('PUBLIC_ACCESS');",
                  "    pm.expect(responseJson.message).to.include('public endpoint');",
                  "});",
                  "",
                  "pm.test('Navigation links are provided', function () {",
                  "    const responseJson = pm.response.json();",
                  "    pm.expect(responseJson.navigation).to.be.an('object');",
                  "    pm.expect(responseJson.navigation.roleInfo).to.include('/api/demo/my-role-info');",
                  "});"
                ],
                "type": "text/javascript"
              }
            }
          ]
        }
      ]
    },
    {
      "name": "👤 USER Level Access",
      "description": "Endpoints accessible by USER role and higher (USER, ADMIN, SUPER_ADMIN)",
      "item": [
        {
          "name": "User Level Demo Endpoint",
          "request": {
            "method": "GET",
            "header": [
              {
                "key": "Authorization",
                "value": "Bearer {{user_jwt_token}}",
                "type": "text"
              },
              {
                "key": "Content-Type",
                "value": "application/json",
                "type": "text"
              }
            ],
            "url": {
              "raw": "{{base_url}}/api/demo/user",
              "host": ["{{base_url}}"],
              "path": ["api", "demo", "user"]
            },
            "description": "Demonstrates USER level access. Accessible by users with ROLE_USER or higher due to role hierarchy."
          },
          "response": [
            {
              "name": "USER Access Success",
              "originalRequest": {
                "method": "GET",
                "header": [
                  {
                    "key": "Authorization",
                    "value": "Bearer {{user_jwt_token}}"
                  }
                ],
                "url": {
                  "raw": "{{base_url}}/api/demo/user",
                  "host": ["{{base_url}}"],
                  "path": ["api", "demo", "user"]
                }
              },
              "status": "OK",
              "code": 200,
              "_postman_previewlanguage": "json",
              "header": [],
              "cookie": [],
              "body": "{\n  \"success\": true,\n  \"accessType\": \"USER_ACCESS\",\n  \"message\": \"You have successfully accessed a USER level endpoint!\",\n  \"description\": \"This endpoint can be accessed by: USER, ADMIN, SUPER_ADMIN\",\n  \"timestamp\": \"2025-08-29T10:30:45.123\",\n  \"currentRole\": \"ROLE_USER\",\n  \"roleLevel\": 100,\n  \"yourRoles\": [\"ROLE_USER\"],\n  \"accessLevel\": \"USER (Level 1)\",\n  \"navigation\": {\n    \"roleInfo\": \"GET /api/demo/my-role-info - Get your role information\",\n    \"accessTest\": \"GET /api/demo/access-test - Test access matrix\",\n    \"jwtDebug\": \"GET /api/test/jwt/debug - Debug JWT token contents\"\n  }\n}"
            },
            {
              "name": "Unauthorized Access",
              "originalRequest": {
                "method": "GET",
                "header": [],
                "url": {
                  "raw": "{{base_url}}/api/demo/user",
                  "host": ["{{base_url}}"],
                  "path": ["api", "demo", "user"]
                }
              },
              "status": "Unauthorized",
              "code": 401,
              "_postman_previewlanguage": "json",
              "header": [],
              "cookie": [],
              "body": "{\n  \"error\": \"Unauthorized\",\n  \"message\": \"Authentication required\",\n  \"path\": \"/api/demo/user\"\n}"
            }
          ],
          "event": [
            {
              "listen": "test",
              "script": {
                "exec": [
                  "pm.test('USER endpoint is accessible with valid JWT', function () {",
                  "    pm.response.to.have.status(200);",
                  "});",
                  "",
                  "pm.test('Response contains USER access data', function () {",
                  "    const responseJson = pm.response.json();",
                  "    pm.expect(responseJson.success).to.be.true;",
                  "    pm.expect(responseJson.accessType).to.eql('USER_ACCESS');",
                  "    pm.expect(responseJson.accessLevel).to.include('Level 1');",
                  "});",
                  "",
                  "pm.test('Role information is present', function () {",
                  "    const responseJson = pm.response.json();",
                  "    pm.expect(responseJson.currentRole).to.be.a('string');",
                  "    pm.expect(responseJson.roleLevel).to.be.a('number');",
                  "    pm.expect(responseJson.yourRoles).to.be.an('array');",
                  "});"
                ],
                "type": "text/javascript"
              }
            }
          ]
        },
        {
          "name": "Test USER Access with ADMIN Token",
          "request": {
            "method": "GET",
            "header": [
              {
                "key": "Authorization",
                "value": "Bearer {{admin_jwt_token}}",
                "type": "text"
              }
            ],
            "url": {
              "raw": "{{base_url}}/api/demo/user",
              "host": ["{{base_url}}"],
              "path": ["api", "demo", "user"]
            },
            "description": "Test role hierarchy: ADMIN should be able to access USER endpoints"
          },
          "event": [
            {
              "listen": "test",
              "script": {
                "exec": [
                  "pm.test('ADMIN can access USER endpoints (role hierarchy)', function () {",
                  "    pm.response.to.have.status(200);",
                  "});",
                  "",
                  "pm.test('Response shows ADMIN role accessing USER endpoint', function () {",
                  "    const responseJson = pm.response.json();",
                  "    pm.expect(responseJson.success).to.be.true;",
                  "    pm.expect(responseJson.currentRole).to.include('ADMIN');",
                  "});"
                ],
                "type": "text/javascript"
              }
            }
          ]
        },
        {
          "name": "Test USER Access with SUPER_ADMIN Token",
          "request": {
            "method": "GET",
            "header": [
              {
                "key": "Authorization",
                "value": "Bearer {{super_admin_jwt_token}}",
                "type": "text"
              }
            ],
            "url": {
              "raw": "{{base_url}}/api/demo/user",
              "host": ["{{base_url}}"],
              "path": ["api", "demo", "user"]
            },
            "description": "Test role hierarchy: SUPER_ADMIN should be able to access USER endpoints"
          },
          "event": [
            {
              "listen": "test",
              "script": {
                "exec": [
                  "pm.test('SUPER_ADMIN can access USER endpoints (role hierarchy)', function () {",
                  "    pm.response.to.have.status(200);",
                  "});",
                  "",
                  "pm.test('Response shows SUPER_ADMIN role accessing USER endpoint', function () {",
                  "    const responseJson = pm.response.json();",
                  "    pm.expect(responseJson.success).to.be.true;",
                  "    pm.expect(responseJson.currentRole).to.include('SUPER_ADMIN');",
                  "});"
                ],
                "type": "text/javascript"
              }
            }
          ]
        }
      ]
    },
    {
      "name": "🛠️ ADMIN Level Access",
      "description": "Endpoints accessible by ADMIN role and higher (ADMIN, SUPER_ADMIN)",
      "item": [
        {
          "name": "Admin Level Demo Endpoint",
          "request": {
            "method": "GET",
            "header": [
              {
                "key": "Authorization",
                "value": "Bearer {{admin_jwt_token}}",
                "type": "text"
              },
              {
                "key": "Content-Type",
                "value": "application/json",
                "type": "text"
              }
            ],
            "url": {
              "raw": "{{base_url}}/api/demo/admin",
              "host": ["{{base_url}}"],
              "path": ["api", "demo", "admin"]
            },
            "description": "Demonstrates ADMIN level access. Accessible by users with ROLE_ADMIN or ROLE_SUPER_ADMIN only."
          },
          "response": [
            {
              "name": "ADMIN Access Success",
              "originalRequest": {
                "method": "GET",
                "header": [
                  {
                    "key": "Authorization",
                    "value": "Bearer {{admin_jwt_token}}"
                  }
                ],
                "url": {
                  "raw": "{{base_url}}/api/demo/admin",
                  "host": ["{{base_url}}"],
                  "path": ["api", "demo", "admin"]
                }
              },
              "status": "OK",
              "code": 200,
              "_postman_previewlanguage": "json",
              "header": [],
              "cookie": [],
              "body": "{\n  \"success\": true,\n  \"accessType\": \"ADMIN_ACCESS\",\n  \"message\": \"You have successfully accessed an ADMIN level endpoint!\",\n  \"description\": \"This endpoint can be accessed by: ADMIN, SUPER_ADMIN\",\n  \"timestamp\": \"2025-08-29T10:30:45.123\",\n  \"currentRole\": \"ROLE_ADMIN\",\n  \"roleLevel\": 200,\n  \"yourRoles\": [\"ROLE_USER\", \"ROLE_ADMIN\"],\n  \"accessLevel\": \"ADMIN (Level 2)\",\n  \"canAccessUserEndpoints\": true,\n  \"navigation\": {\n    \"roleInfo\": \"GET /api/demo/my-role-info - Get your role information\",\n    \"accessTest\": \"GET /api/demo/access-test - Test access matrix\",\n    \"jwtDebug\": \"GET /api/test/jwt/debug - Debug JWT token contents\"\n  }\n}"
            },
            {
              "name": "USER Access Denied",
              "originalRequest": {
                "method": "GET",
                "header": [
                  {
                    "key": "Authorization",
                    "value": "Bearer {{user_jwt_token}}"
                  }
                ],
                "url": {
                  "raw": "{{base_url}}/api/demo/admin",
                  "host": ["{{base_url}}"],
                  "path": ["api", "demo", "admin"]
                }
              },
              "status": "Forbidden",
              "code": 403,
              "_postman_previewlanguage": "json",
              "header": [],
              "cookie": [],
              "body": "{\n  \"error\": \"Access Denied\",\n  \"message\": \"Insufficient privileges\",\n  \"path\": \"/api/demo/admin\",\n  \"requiredRole\": \"ADMIN or higher\"\n}"
            }
          ],
          "event": [
            {
              "listen": "test",
              "script": {
                "exec": [
                  "pm.test('ADMIN endpoint is accessible with ADMIN token', function () {",
                  "    pm.response.to.have.status(200);",
                  "});",
                  "",
                  "pm.test('Response contains ADMIN access data', function () {",
                  "    const responseJson = pm.response.json();",
                  "    pm.expect(responseJson.success).to.be.true;",
                  "    pm.expect(responseJson.accessType).to.eql('ADMIN_ACCESS');",
                  "    pm.expect(responseJson.accessLevel).to.include('Level 2');",
                  "});",
                  "",
                  "pm.test('Shows inherited permissions', function () {",
                  "    const responseJson = pm.response.json();",
                  "    pm.expect(responseJson.canAccessUserEndpoints).to.be.true;",
                  "});"
                ],
                "type": "text/javascript"
              }
            }
          ]
        },
        {
          "name": "Test ADMIN Access with USER Token (Should Fail)",
          "request": {
            "method": "GET",
            "header": [
              {
                "key": "Authorization",
                "value": "Bearer {{user_jwt_token}}",
                "type": "text"
              }
            ],
            "url": {
              "raw": "{{base_url}}/api/demo/admin",
              "host": ["{{base_url}}"],
              "path": ["api", "demo", "admin"]
            },
            "description": "Test access control: USER should NOT be able to access ADMIN endpoints"
          },
          "event": [
            {
              "listen": "test",
              "script": {
                "exec": [
                  "pm.test('USER cannot access ADMIN endpoints (access control)', function () {",
                  "    pm.expect(pm.response.code).to.be.oneOf([401, 403]);",
                  "});",
                  "",
                  "pm.test('Proper error response for insufficient privileges', function () {",
                  "    if (pm.response.code === 403) {",
                  "        const responseJson = pm.response.json();",
                  "        pm.expect(responseJson.error).to.include('Access Denied');",
                  "    }",
                  "});"
                ],
                "type": "text/javascript"
              }
            }
          ]
        },
        {
          "name": "Test ADMIN Access with SUPER_ADMIN Token",
          "request": {
            "method": "GET",
            "header": [
              {
                "key": "Authorization",
                "value": "Bearer {{super_admin_jwt_token}}",
                "type": "text"
              }
            ],
            "url": {
              "raw": "{{base_url}}/api/demo/admin",
              "host": ["{{base_url}}"],
              "path": ["api", "demo", "admin"]
            },
            "description": "Test role hierarchy: SUPER_ADMIN should be able to access ADMIN endpoints"
          },
          "event": [
            {
              "listen": "test",
              "script": {
                "exec": [
                  "pm.test('SUPER_ADMIN can access ADMIN endpoints (role hierarchy)', function () {",
                  "    pm.response.to.have.status(200);",
                  "});",
                  "",
                  "pm.test('Response shows SUPER_ADMIN role accessing ADMIN endpoint', function () {",
                  "    const responseJson = pm.response.json();",
                  "    pm.expect(responseJson.success).to.be.true;",
                  "    pm.expect(responseJson.currentRole).to.include('SUPER_ADMIN');",
                  "});"
                ],
                "type": "text/javascript"
              }
            }
          ]
        }
      ]
    },
    {
      "name": "🔧 SUPER_ADMIN Level Access",
      "description": "Endpoints accessible by SUPER_ADMIN role only",
      "item": [
        {
          "name": "Super Admin Level Demo Endpoint",
          "request": {
            "method": "GET",
            "header": [
              {
                "key": "Authorization",
                "value": "Bearer {{super_admin_jwt_token}}",
                "type": "text"
              },
              {
                "key": "Content-Type",
                "value": "application/json",
                "type": "text"
              }
            ],
            "url": {
              "raw": "{{base_url}}/api/demo/super-admin",
              "host": ["{{base_url}}"],
              "path": ["api", "demo", "super-admin"]
            },
            "description": "Demonstrates SUPER_ADMIN level access. Accessible by users with ROLE_SUPER_ADMIN only."
          },
          "response": [
            {
              "name": "SUPER_ADMIN Access Success",
              "originalRequest": {
                "method": "GET",
                "header": [
                  {
                    "key": "Authorization",
                    "value": "Bearer {{super_admin_jwt_token}}"
                  }
                ],
                "url": {
                  "raw": "{{base_url}}/api/demo/super-admin",
                  "host": ["{{base_url}}"],
                  "path": ["api", "demo", "super-admin"]
                }
              },
              "status": "OK",
              "code": 200,
              "_postman_previewlanguage": "json",
              "header": [],
              "cookie": [],
              "body": "{\n  \"success\": true,\n  \"accessType\": \"SUPER_ADMIN_ACCESS\",\n  \"message\": \"You have successfully accessed a SUPER_ADMIN level endpoint!\",\n  \"description\": \"This endpoint can be accessed by: SUPER_ADMIN only\",\n  \"timestamp\": \"2025-08-29T10:30:45.123\",\n  \"currentRole\": \"ROLE_SUPER_ADMIN\",\n  \"roleLevel\": 300,\n  \"yourRoles\": [\"ROLE_USER\", \"ROLE_ADMIN\", \"ROLE_SUPER_ADMIN\"],\n  \"accessLevel\": \"SUPER_ADMIN (Level 3)\",\n  \"canAccessUserEndpoints\": true,\n  \"canAccessAdminEndpoints\": true,\n  \"navigation\": {\n    \"roleInfo\": \"GET /api/demo/my-role-info - Get your role information\",\n    \"accessTest\": \"GET /api/demo/access-test - Test access matrix\",\n    \"jwtDebug\": \"GET /api/test/jwt/debug - Debug JWT token contents\"\n  }\n}"
            },
            {
              "name": "ADMIN Access Denied",
              "originalRequest": {
                "method": "GET",
                "header": [
                  {
                    "key": "Authorization",
                    "value": "Bearer {{admin_jwt_token}}"
                  }
                ],
                "url": {
                  "raw": "{{base_url}}/api/demo/super-admin",
                  "host": ["{{base_url}}"],
                  "path": ["api", "demo", "super-admin"]
                }
              },
              "status": "Forbidden",
              "code": 403,
              "_postman_previewlanguage": "json",
              "header": [],
              "cookie": [],
              "body": "{\n  \"error\": \"Access Denied\",\n  \"message\": \"Insufficient privileges\",\n  \"path\": \"/api/demo/super-admin\",\n  \"requiredRole\": \"SUPER_ADMIN only\"\n}"
            }
          ],
          "event": [
            {
              "listen": "test",
              "script": {
                "exec": [
                  "pm.test('SUPER_ADMIN endpoint is accessible with SUPER_ADMIN token', function () {",
                  "    pm.response.to.have.status(200);",
                  "});",
                  "",
                  "pm.test('Response contains SUPER_ADMIN access data', function () {",
                  "    const responseJson = pm.response.json();",
                  "    pm.expect(responseJson.success).to.be.true;",
                  "    pm.expect(responseJson.accessType).to.eql('SUPER_ADMIN_ACCESS');",
                  "    pm.expect(responseJson.accessLevel).to.include('Level 3');",
                  "});",
                  "",
                  "pm.test('Shows all inherited permissions', function () {",
                  "    const responseJson = pm.response.json();",
                  "    pm.expect(responseJson.canAccessUserEndpoints).to.be.true;",
                  "    pm.expect(responseJson.canAccessAdminEndpoints).to.be.true;",
                  "});",
                  "",
                  "pm.test('Shows complete role hierarchy', function () {",
                  "    const responseJson = pm.response.json();",
                  "    pm.expect(responseJson.yourRoles).to.be.an('array');",
                  "    pm.expect(responseJson.yourRoles.length).to.eql(3);",
                  "});"
                ],
                "type": "text/javascript"
              }
            }
          ]
        },
        {
          "name": "Test SUPER_ADMIN Access with USER Token (Should Fail)",
          "request": {
            "method": "GET",
            "header": [
              {
                "key": "Authorization",
                "value": "Bearer {{user_jwt_token}}",
                "type": "text"
              }
            ],
            "url": {
              "raw": "{{base_url}}/api/demo/super-admin",
              "host": ["{{base_url}}"],
              "path": ["api", "demo", "super-admin"]
            },
            "description": "Test access control: USER should NOT be able to access SUPER_ADMIN endpoints"
          },
          "event": [
            {
              "listen": "test",
              "script": {
                "exec": [
                  "pm.test('USER cannot access SUPER_ADMIN endpoints', function () {",
                  "    pm.expect(pm.response.code).to.be.oneOf([401, 403]);",
                  "});"
                ],
                "type": "text/javascript"
              }
            }
          ]
        },
        {
          "name": "Test SUPER_ADMIN Access with ADMIN Token (Should Fail)",
          "request": {
            "method": "GET",
            "header": [
              {
                "key": "Authorization",
                "value": "Bearer {{admin_jwt_token}}",
                "type": "text"
              }
            ],
            "url": {
              "raw": "{{base_url}}/api/demo/super-admin",
              "host": ["{{base_url}}"],
              "path": ["api", "demo", "super-admin"]
            },
            "description": "Test access control: ADMIN should NOT be able to access SUPER_ADMIN endpoints"
          },
          "event": [
            {
              "listen": "test",
              "script": {
                "exec": [
                  "pm.test('ADMIN cannot access SUPER_ADMIN endpoints', function () {",
                  "    pm.expect(pm.response.code).to.be.oneOf([401, 403]);",
                  "});"
                ],
                "type": "text/javascript"
              }
            }
          ]
        }
      ]
    },
    {
      "name": "ℹ️ Role Information & Analysis",
      "description": "Endpoints for role information and access analysis",
      "item": [
        {
          "name": "Get Current User Role Info",
          "request": {
            "method": "GET",
            "header": [
              {
                "key": "Authorization",
                "value": "Bearer {{jwt_token}}",
                "type": "text"
              },
              {
                "key": "Content-Type",
                "value": "application/json",
                "type": "text"
              }
            ],
            "url": {
              "raw": "{{base_url}}/api/demo/my-role-info",
              "host": ["{{base_url}}"],
              "path": ["api", "demo", "my-role-info"]
            },
            "description": "Returns detailed information about the current user's roles and permissions."
          },
          "response": [
            {
              "name": "Role Info Success",
              "originalRequest": {
                "method": "GET",
                "header": [
                  {
                    "key": "Authorization",
                    "value": "Bearer {{jwt_token}}"
                  }
                ],
                "url": {
                  "raw": "{{base_url}}/api/demo/my-role-info",
                  "host": ["{{base_url}}"],
                  "path": ["api", "demo", "my-role-info"]
                }
              },
              "status": "OK",
              "code": 200,
              "_postman_previewlanguage": "json",
              "header": [],
              "cookie": [],
              "body": "{\n  \"success\": true,\n  \"message\": \"Your role information\",\n  \"username\": \"testuser\",\n  \"timestamp\": \"2025-08-29T10:30:45.123\",\n  \"roleInformation\": {\n    \"primaryRole\": \"ROLE_ADMIN\",\n    \"roleLevel\": 200,\n    \"displayName\": \"Admin\",\n    \"allRoles\": [\"ROLE_USER\", \"ROLE_ADMIN\"],\n    \"inheritedRoles\": [\"ROLE_USER\"]\n  },\n  \"permissions\": {\n    \"canAccessUserEndpoints\": true,\n    \"canAccessAdminEndpoints\": true,\n    \"canAccessSuperAdminEndpoints\": false\n  },\n  \"roleHierarchy\": {\n    \"description\": \"SUPER_ADMIN (Level 3) > ADMIN (Level 2) > USER (Level 1)\",\n    \"inheritance\": \"Higher roles inherit permissions from lower roles\"\n  }\n}"
            }
          ],
          "event": [
            {
              "listen": "test",
              "script": {
                "exec": [
                  "pm.test('Role info endpoint returns user data', function () {",
                  "    pm.response.to.have.status(200);",
                  "});",
                  "",
                  "pm.test('Response contains role information', function () {",
                  "    const responseJson = pm.response.json();",
                  "    pm.expect(responseJson.roleInformation).to.be.an('object');",
                  "    pm.expect(responseJson.permissions).to.be.an('object');",
                  "    pm.expect(responseJson.roleHierarchy).to.be.an('object');",
                  "});",
                  "",
                  "pm.test('Role hierarchy explanation is provided', function () {",
                  "    const responseJson = pm.response.json();",
                  "    pm.expect(responseJson.roleHierarchy.description).to.include('SUPER_ADMIN');",
                  "    pm.expect(responseJson.roleHierarchy.inheritance).to.include('inherit');",
                  "});"
                ],
                "type": "text/javascript"
              }
            }
          ]
        },
        {
          "name": "Test Access Matrix",
          "request": {
            "method": "GET",
            "header": [
              {
                "key": "Authorization",
                "value": "Bearer {{jwt_token}}",
                "type": "text"
              },
              {
                "key": "Content-Type",
                "value": "application/json",
                "type": "text"
              }
            ],
            "url": {
              "raw": "{{base_url}}/api/demo/access-test",
              "host": ["{{base_url}}"],
              "path": ["api", "demo", "access-test"]
            },
            "description": "Shows which demo endpoints the current user can access based on their role."
          },
          "response": [
            {
              "name": "Access Matrix Success",
              "originalRequest": {
                "method": "GET",
                "header": [
                  {
                    "key": "Authorization",
                    "value": "Bearer {{admin_jwt_token}}"
                  }
                ],
                "url": {
                  "raw": "{{base_url}}/api/demo/access-test",
                  "host": ["{{base_url}}"],
                  "path": ["api", "demo", "access-test"]
                }
              },
              "status": "OK",
              "code": 200,
              "_postman_previewlanguage": "json",
              "header": [],
              "cookie": [],
              "body": "{\n  \"success\": true,\n  \"message\": \"Access test matrix for your current role\",\n  \"currentRole\": \"ROLE_ADMIN\",\n  \"timestamp\": \"2025-08-29T10:30:45.123\",\n  \"accessMatrix\": {\n    \"/api/demo/public\": {\n      \"accessible\": true,\n      \"reason\": \"Public endpoint - no authentication required\"\n    },\n    \"/api/demo/user\": {\n      \"accessible\": true,\n      \"reason\": \"Requires ROLE_USER or higher\"\n    },\n    \"/api/demo/admin\": {\n      \"accessible\": true,\n      \"reason\": \"Requires ROLE_ADMIN or higher\"\n    },\n    \"/api/demo/super-admin\": {\n      \"accessible\": false,\n      \"reason\": \"Requires ROLE_SUPER_ADMIN only\"\n    }\n  }\n}"
            }
          ],
          "event": [
            {
              "listen": "test",
              "script": {
                "exec": [
                  "pm.test('Access matrix endpoint returns data', function () {",
                  "    pm.response.to.have.status(200);",
                  "});",
                  "",
                  "pm.test('Access matrix contains all demo endpoints', function () {",
                  "    const responseJson = pm.response.json();",
                  "    const matrix = responseJson.accessMatrix;",
                  "    pm.expect(matrix['/api/demo/public']).to.be.an('object');",
                  "    pm.expect(matrix['/api/demo/user']).to.be.an('object');",
                  "    pm.expect(matrix['/api/demo/admin']).to.be.an('object');",
                  "    pm.expect(matrix['/api/demo/super-admin']).to.be.an('object');",
                  "});",
                  "",
                  "pm.test('Each endpoint has access info and reason', function () {",
                  "    const responseJson = pm.response.json();",
                  "    const matrix = responseJson.accessMatrix;",
                  "    Object.values(matrix).forEach(endpoint => {",
                  "        pm.expect(endpoint.accessible).to.be.a('boolean');",
                  "        pm.expect(endpoint.reason).to.be.a('string');",
                  "    });",
                  "});"
                ],
                "type": "text/javascript"
              }
            }
          ]
        }
      ]
    },
    {
      "name": "🧪 Complete Role Hierarchy Tests",
      "description": "Comprehensive test scenarios for role hierarchy validation",
      "item": [
        {
          "name": "Complete Hierarchy Test - USER Token",
          "request": {
            "method": "GET",
            "header": [
              {
                "key": "Authorization",
                "value": "Bearer {{user_jwt_token}}",
                "type": "text"
              }
            ],
            "url": {
              "raw": "{{base_url}}/api/demo/access-test",
              "host": ["{{base_url}}"],
              "path": ["api", "demo", "access-test"]
            },
            "description": "Test complete access matrix for USER role - should only access public and user endpoints"
          },
          "event": [
            {
              "listen": "test",
              "script": {
                "exec": [
                  "pm.test('USER can access user-level endpoints only', function () {",
                  "    const responseJson = pm.response.json();",
                  "    const matrix = responseJson.accessMatrix;",
                  "    ",
                  "    // USER should access these",
                  "    pm.expect(matrix['/api/demo/public'].accessible).to.be.true;",
                  "    pm.expect(matrix['/api/demo/user'].accessible).to.be.true;",
                  "    ",
                  "    // USER should NOT access these",
                  "    pm.expect(matrix['/api/demo/admin'].accessible).to.be.false;",
                  "    pm.expect(matrix['/api/demo/super-admin'].accessible).to.be.false;",
                  "});"
                ],
                "type": "text/javascript"
              }
            }
          ]
        },
        {
          "name": "Complete Hierarchy Test - ADMIN Token",
          "request": {
            "method": "GET",
            "header": [
              {
                "key": "Authorization",
                "value": "Bearer {{admin_jwt_token}}",
                "type": "text"
              }
            ],
            "url": {
              "raw": "{{base_url}}/api/demo/access-test",
              "host": ["{{base_url}}"],
              "path": ["api", "demo", "access-test"]
            },
            "description": "Test complete access matrix for ADMIN role - should access public, user, and admin endpoints"
          },
          "event": [
            {
              "listen": "test",
              "script": {
                "exec": [
                  "pm.test('ADMIN can access user and admin endpoints', function () {",
                  "    const responseJson = pm.response.json();",
                  "    const matrix = responseJson.accessMatrix;",
                  "    ",
                  "    // ADMIN should access these (role hierarchy)",
                  "    pm.expect(matrix['/api/demo/public'].accessible).to.be.true;",
                  "    pm.expect(matrix['/api/demo/user'].accessible).to.be.true;",
                  "    pm.expect(matrix['/api/demo/admin'].accessible).to.be.true;",
                  "    ",
                  "    // ADMIN should NOT access this",
                  "    pm.expect(matrix['/api/demo/super-admin'].accessible).to.be.false;",
                  "});"
                ],
                "type": "text/javascript"
              }
            }
          ]
        },
        {
          "name": "Complete Hierarchy Test - SUPER_ADMIN Token",
          "request": {
            "method": "GET",
            "header": [
              {
                "key": "Authorization",
                "value": "Bearer {{super_admin_jwt_token}}",
                "type": "text"
              }
            ],
            "url": {
              "raw": "{{base_url}}/api/demo/access-test",
              "host": ["{{base_url}}"],
              "path": ["api", "demo", "access-test"]
            },
            "description": "Test complete access matrix for SUPER_ADMIN role - should access all endpoints"
          },
          "event": [
            {
              "listen": "test",
              "script": {
                "exec": [
                  "pm.test('SUPER_ADMIN can access all endpoints', function () {",
                  "    const responseJson = pm.response.json();",
                  "    const matrix = responseJson.accessMatrix;",
                  "    ",
                  "    // SUPER_ADMIN should access ALL endpoints (complete hierarchy)",
                  "    pm.expect(matrix['/api/demo/public'].accessible).to.be.true;",
                  "    pm.expect(matrix['/api/demo/user'].accessible).to.be.true;",
                  "    pm.expect(matrix['/api/demo/admin'].accessible).to.be.true;",
                  "    pm.expect(matrix['/api/demo/super-admin'].accessible).to.be.true;",
                  "});"
                ],
                "type": "text/javascript"
              }
            }
          ]
        }
      ]
    },
    {
      "name": "🔧 Utilities & Setup",
      "description": "Helper endpoints for authentication and testing setup",
      "item": [
        {
          "name": "Health Check",
          "request": {
            "method": "GET",
            "header": [],
            "url": {
              "raw": "{{base_url}}/actuator/health",
              "host": ["{{base_url}}"],
              "path": ["actuator", "health"]
            },
            "description": "Check if the application is running and healthy"
          }
        },
        {
          "name": "Login - Get USER Token",
          "request": {
            "method": "POST",
            "header": [
              {
                "key": "Content-Type",
                "value": "application/json",
                "type": "text"
              }
            ],
            "body": {
              "mode": "raw",
              "raw": "{\n  \"username\": \"testuser\",\n  \"password\": \"password123\"\n}"
            },
            "url": {
              "raw": "{{base_url}}/auth/login",
              "host": ["{{base_url}}"],
              "path": ["auth", "login"]
            },
            "description": "Login with USER role to get JWT token for testing"
          },
          "event": [
            {
              "listen": "test",
              "script": {
                "exec": [
                  "if (pm.response.code === 200) {",
                  "    const responseJson = pm.response.json();",
                  "    if (responseJson.token) {",
                  "        pm.collectionVariables.set('user_jwt_token', responseJson.token);",
                  "        pm.collectionVariables.set('jwt_token', responseJson.token);",
                  "        console.log('✅ USER JWT token saved to collection variables');",
                  "    }",
                  "}"
                ],
                "type": "text/javascript"
              }
            }
          ]
        },
        {
          "name": "Login - Get ADMIN Token",
          "request": {
            "method": "POST",
            "header": [
              {
                "key": "Content-Type",
                "value": "application/json",
                "type": "text"
              }
            ],
            "body": {
              "mode": "raw",
              "raw": "{\n  \"username\": \"testadmin\",\n  \"password\": \"password123\"\n}"
            },
            "url": {
              "raw": "{{base_url}}/auth/login",
              "host": ["{{base_url}}"],
              "path": ["auth", "login"]
            },
            "description": "Login with ADMIN role to get JWT token for testing"
          },
          "event": [
            {
              "listen": "test",
              "script": {
                "exec": [
                  "if (pm.response.code === 200) {",
                  "    const responseJson = pm.response.json();",
                  "    if (responseJson.token) {",
                  "        pm.collectionVariables.set('admin_jwt_token', responseJson.token);",
                  "        console.log('✅ ADMIN JWT token saved to collection variables');",
                  "    }",
                  "}"
                ],
                "type": "text/javascript"
              }
            }
          ]
        },
        {
          "name": "Login - Get SUPER_ADMIN Token",
          "request": {
            "method": "POST",
            "header": [
              {
                "key": "Content-Type",
                "value": "application/json",
                "type": "text"
              }
            ],
            "body": {
              "mode": "raw",
              "raw": "{\n  \"username\": \"testsuperadmin\",\n  \"password\": \"password123\"\n}"
            },
            "url": {
              "raw": "{{base_url}}/auth/login",
              "host": ["{{base_url}}"],
              "path": ["auth", "login"]
            },
            "description": "Login with SUPER_ADMIN role to get JWT token for testing"
          },
          "event": [
            {
              "listen": "test",
              "script": {
                "exec": [
                  "if (pm.response.code === 200) {",
                  "    const responseJson = pm.response.json();",
                  "    if (responseJson.token) {",
                  "        pm.collectionVariables.set('super_admin_jwt_token', responseJson.token);",
                  "        console.log('✅ SUPER_ADMIN JWT token saved to collection variables');",
                  "    }",
                  "}"
                ],
                "type": "text/javascript"
              }
            }
          ]
        },
        {
          "name": "JWT Debug - Decode Token",
          "request": {
            "method": "GET",
            "header": [
              {
                "key": "Authorization",
                "value": "Bearer {{jwt_token}}",
                "type": "text"
              }
            ],
            "url": {
              "raw": "{{base_url}}/api/test/jwt/debug",
              "host": ["{{base_url}}"],
              "path": ["api", "test", "jwt", "debug"]
            },
            "description": "Debug JWT token contents - shows roles, expiration, etc."
          }
        }
      ]
    }
  ],
  "event": [
    {
      "listen": "prerequest",
      "script": {
        "type": "text/javascript",
        "exec": [
          "// Log current test being run",
          "console.log('🚀 Running: ' + pm.info.requestName);",
          "",
          "// Auto-set Authorization header if jwt_token is available",
          "if (pm.collectionVariables.get('jwt_token') && !pm.request.headers.has('Authorization')) {",
          "    pm.request.headers.add({",
          "        key: 'Authorization',",
          "        value: 'Bearer ' + pm.collectionVariables.get('jwt_token')",
          "    });",
          "}"
        ]
      }
    },
    {
      "listen": "test",
      "script": {
        "type": "text/javascript",
        "exec": [
          "// Log response time for performance monitoring",
          "console.log('⏱️ Response time: ' + pm.response.responseTime + 'ms');",
          "",
          "// Handle common error responses",
          "if (pm.response.code === 401) {",
          "    console.log('⚠️ Unauthorized - Check your JWT token');",
          "    console.log('💡 Run login requests in Utilities section to get tokens');",
          "}",
          "if (pm.response.code === 403) {",
          "    console.log('⚠️ Forbidden - Check your role permissions');",
          "    console.log('💡 This might be expected for role hierarchy testing');",
          "}",
          "",
          "// Log successful responses",
          "if (pm.response.code === 200) {",
          "    console.log('✅ Request successful');",
          "}"
        ]
      }
    }
  ]
}