{
  "info": {
    "name": "BrandSnap API - Role Management",
    "description": "Complete Postman collection for Role Management APIs including all CRUD operations and role hierarchy testing",
    "version": "1.0.0",
    "schema": "https://schema.getpostman.com/json/collection/v2.1.0/collection.json"
  },
  "variable": [
    {
      "key": "base_url",
      "value": "http://localhost:8080/myapp",
      "type": "string"
    },
    {
      "key": "jwt_token",
      "value": "",
      "type": "string"
    },
    {
      "key": "api_key",
      "value": "",
      "type": "string"
    }
  ],
  "auth": {
    "type": "bearer",
    "bearer": [
      {
        "key": "token",
        "value": "{{jwt_token}}",
        "type": "string"
      }
    ]
  },
  "item": [
    {
      "name": "📋 Role Management APIs",
      "description": "Core role management operations - ADMIN access required",
      "item": [
        {
          "name": "Get All Roles",
          "request": {
            "method": "GET",
            "header": [
              {
                "key": "Authorization",
                "value": "Bearer {{jwt_token}}",
                "type": "text"
              },
              {
                "key": "Content-Type",
                "value": "application/json",
                "type": "text"
              }
            ],
            "url": {
              "raw": "{{base_url}}/api/roles",
              "host": ["{{base_url}}"],
              "path": ["api", "roles"]
            },
            "description": "Retrieve all available roles in the system. Returns role hierarchy information."
          },
          "response": [
            {
              "name": "Success Response",
              "originalRequest": {
                "method": "GET",
                "header": [],
                "url": {
                  "raw": "{{base_url}}/api/roles",
                  "host": ["{{base_url}}"],
                  "path": ["api", "roles"]
                }
              },
              "status": "OK",
              "code": 200,
              "_postman_previewlanguage": "json",
              "header": [],
              "cookie": [],
              "body": "[\n  {\n    \"roleId\": 1,\n    \"roleName\": \"User\",\n    \"roleNumber\": 100,\n    \"roleDescription\": \"Standard application user with basic permissions.\",\n    \"scope\": \"Application\",\n    \"createdAt\": \"2025-08-01T16:57:52.160\",\n    \"updatedAt\": \"2025-08-01T16:57:52.160\"\n  },\n  {\n    \"roleId\": 2,\n    \"roleName\": \"Admin\",\n    \"roleNumber\": 200,\n    \"roleDescription\": \"Administrator with elevated permissions for managing users and content.\",\n    \"scope\": \"Application\",\n    \"createdAt\": \"2025-08-01T16:57:52.160\",\n    \"updatedAt\": \"2025-08-01T16:57:52.160\"\n  },\n  {\n    \"roleId\": 3,\n    \"roleName\": \"Super Admin\",\n    \"roleNumber\": 300,\n    \"roleDescription\": \"Highest level administrator with full system access and configuration privileges.\",\n    \"scope\": \"Global\",\n    \"createdAt\": \"2025-08-01T16:57:52.160\",\n    \"updatedAt\": \"2025-08-01T16:57:52.160\"\n  }\n]"
            }
          ]
        },
        {
          "name": "Get Role by ID",
          "request": {
            "method": "GET",
            "header": [
              {
                "key": "Authorization",
                "value": "Bearer {{jwt_token}}",
                "type": "text"
              },
              {
                "key": "Content-Type",
                "value": "application/json",
                "type": "text"
              }
            ],
            "url": {
              "raw": "{{base_url}}/api/roles/:roleId",
              "host": ["{{base_url}}"],
              "path": ["api", "roles", ":roleId"],
              "variable": [
                {
                  "key": "roleId",
                  "value": "1",
                  "description": "Role ID (1=User, 2=Admin, 3=Super Admin)"
                }
              ]
            },
            "description": "Retrieve a specific role by its database ID."
          },
          "response": [
            {
              "name": "User Role Response",
              "originalRequest": {
                "method": "GET",
                "header": [],
                "url": {
                  "raw": "{{base_url}}/api/roles/1",
                  "host": ["{{base_url}}"],
                  "path": ["api", "roles", "1"]
                }
              },
              "status": "OK",
              "code": 200,
              "_postman_previewlanguage": "json",
              "header": [],
              "cookie": [],
              "body": "{\n  \"roleId\": 1,\n  \"roleName\": \"User\",\n  \"roleNumber\": 100,\n  \"roleDescription\": \"Standard application user with basic permissions.\",\n  \"scope\": \"Application\",\n  \"createdAt\": \"2025-08-01T16:57:52.160\",\n  \"updatedAt\": \"2025-08-01T16:57:52.160\"\n}"
            },
            {
              "name": "Role Not Found",
              "originalRequest": {
                "method": "GET",
                "header": [],
                "url": {
                  "raw": "{{base_url}}/api/roles/999",
                  "host": ["{{base_url}}"],
                  "path": ["api", "roles", "999"]
                }
              },
              "status": "Not Found",
              "code": 404,
              "_postman_previewlanguage": "json",
              "header": [],
              "cookie": [],
              "body": "{\n  \"error\": \"Role not found\",\n  \"message\": \"No role exists with ID: 999\"\n}"
            }
          ]
        },
        {
          "name": "Get Role by Name",
          "request": {
            "method": "GET",
            "header": [
              {
                "key": "Authorization",
                "value": "Bearer {{jwt_token}}",
                "type": "text"
              },
              {
                "key": "Content-Type",
                "value": "application/json",
                "type": "text"
              }
            ],
            "url": {
              "raw": "{{base_url}}/api/roles/name/:roleName",
              "host": ["{{base_url}}"],
              "path": ["api", "roles", "name", ":roleName"],
              "variable": [
                {
                  "key": "roleName",
                  "value": "User",
                  "description": "Role name (User, Admin, Super Admin)"
                }
              ]
            },
            "description": "Retrieve a specific role by its name. Supports exact name matching."
          },
          "response": [
            {
              "name": "Admin Role Response",
              "originalRequest": {
                "method": "GET",
                "header": [],
                "url": {
                  "raw": "{{base_url}}/api/roles/name/Admin",
                  "host": ["{{base_url}}"],
                  "path": ["api", "roles", "name", "Admin"]
                }
              },
              "status": "OK",
              "code": 200,
              "_postman_previewlanguage": "json",
              "header": [],
              "cookie": [],
              "body": "{\n  \"roleId\": 2,\n  \"roleName\": \"Admin\",\n  \"roleNumber\": 200,\n  \"roleDescription\": \"Administrator with elevated permissions for managing users and content.\",\n  \"scope\": \"Application\",\n  \"createdAt\": \"2025-08-01T16:57:52.160\",\n  \"updatedAt\": \"2025-08-01T16:57:52.160\"\n}"
            }
          ]
        },
        {
          "name": "Get Roles by Scope",
          "request": {
            "method": "GET",
            "header": [
              {
                "key": "Authorization",
                "value": "Bearer {{jwt_token}}",
                "type": "text"
              },
              {
                "key": "Content-Type",
                "value": "application/json",
                "type": "text"
              }
            ],
            "url": {
              "raw": "{{base_url}}/api/roles/scope/:scope",
              "host": ["{{base_url}}"],
              "path": ["api", "roles", "scope", ":scope"],
              "variable": [
                {
                  "key": "scope",
                  "value": "Application",
                  "description": "Role scope (Application, Global)"
                }
              ]
            },
            "description": "Retrieve roles filtered by scope. Application scope includes User & Admin, Global scope is Super Admin."
          },
          "response": [
            {
              "name": "Application Scope Roles",
              "originalRequest": {
                "method": "GET",
                "header": [],
                "url": {
                  "raw": "{{base_url}}/api/roles/scope/Application",
                  "host": ["{{base_url}}"],
                  "path": ["api", "roles", "scope", "Application"]
                }
              },
              "status": "OK",
              "code": 200,
              "_postman_previewlanguage": "json",
              "header": [],
              "cookie": [],
              "body": "[\n  {\n    \"roleId\": 1,\n    \"roleName\": \"User\",\n    \"roleNumber\": 100,\n    \"roleDescription\": \"Standard application user with basic permissions.\",\n    \"scope\": \"Application\"\n  },\n  {\n    \"roleId\": 2,\n    \"roleName\": \"Admin\",\n    \"roleNumber\": 200,\n    \"roleDescription\": \"Administrator with elevated permissions for managing users and content.\",\n    \"scope\": \"Application\"\n  }\n]"
            },
            {
              "name": "Global Scope Roles",
              "originalRequest": {
                "method": "GET",
                "header": [],
                "url": {
                  "raw": "{{base_url}}/api/roles/scope/Global",
                  "host": ["{{base_url}}"],
                  "path": ["api", "roles", "scope", "Global"]
                }
              },
              "status": "OK",
              "code": 200,
              "_postman_previewlanguage": "json",
              "header": [],
              "cookie": [],
              "body": "[\n  {\n    \"roleId\": 3,\n    \"roleName\": \"Super Admin\",\n    \"roleNumber\": 300,\n    \"roleDescription\": \"Highest level administrator with full system access and configuration privileges.\",\n    \"scope\": \"Global\"\n  }\n]"
            }
          ]
        },
        {
          "name": "Get Default User Role",
          "request": {
            "method": "GET",
            "header": [
              {
                "key": "Authorization",
                "value": "Bearer {{jwt_token}}",
                "type": "text"
              },
              {
                "key": "Content-Type",
                "value": "application/json",
                "type": "text"
              }
            ],
            "url": {
              "raw": "{{base_url}}/api/roles/default",
              "host": ["{{base_url}}"],
              "path": ["api", "roles", "default"]
            },
            "description": "Retrieve the default role assigned to new users (typically User role with roleNumber 100)."
          },
          "response": [
            {
              "name": "Default Role Response",
              "originalRequest": {
                "method": "GET",
                "header": [],
                "url": {
                  "raw": "{{base_url}}/api/roles/default",
                  "host": ["{{base_url}}"],
                  "path": ["api", "roles", "default"]
                }
              },
              "status": "OK",
              "code": 200,
              "_postman_previewlanguage": "json",
              "header": [],
              "cookie": [],
              "body": "{\n  \"roleId\": 1,\n  \"roleName\": \"User\",\n  \"roleNumber\": 100,\n  \"roleDescription\": \"Standard application user with basic permissions.\",\n  \"scope\": \"Application\",\n  \"createdAt\": \"2025-08-01T16:57:52.160\",\n  \"updatedAt\": \"2025-08-01T16:57:52.160\"\n}"
            }
          ]
        }
      ]
    },
    {
      "name": "🧪 Testing Scenarios",
      "description": "Common testing scenarios for role management",
      "item": [
        {
          "name": "Test Role Hierarchy - All Roles",
          "request": {
            "method": "GET",
            "header": [
              {
                "key": "Authorization",
                "value": "Bearer {{jwt_token}}",
                "type": "text"
              }
            ],
            "url": {
              "raw": "{{base_url}}/api/roles",
              "host": ["{{base_url}}"],
              "path": ["api", "roles"]
            },
            "description": "Test: Verify all three roles exist (User=100, Admin=200, Super Admin=300)"
          },
          "event": [
            {
              "listen": "test",
              "script": {
                "exec": [
                  "pm.test('Status code is 200', function () {",
                  "    pm.response.to.have.status(200);",
                  "});",
                  "",
                  "pm.test('Response contains all three roles', function () {",
                  "    const responseJson = pm.response.json();",
                  "    pm.expect(responseJson).to.be.an('array');",
                  "    pm.expect(responseJson.length).to.eql(3);",
                  "});",
                  "",
                  "pm.test('Role hierarchy is correct', function () {",
                  "    const responseJson = pm.response.json();",
                  "    const roleNumbers = responseJson.map(role => role.roleNumber).sort();",
                  "    pm.expect(roleNumbers).to.eql([100, 200, 300]);",
                  "});",
                  "",
                  "pm.test('Required roles exist', function () {",
                  "    const responseJson = pm.response.json();",
                  "    const roleNames = responseJson.map(role => role.roleName);",
                  "    pm.expect(roleNames).to.include('User');",
                  "    pm.expect(roleNames).to.include('Admin');",
                  "    pm.expect(roleNames).to.include('Super Admin');",
                  "});"
                ],
                "type": "text/javascript"
              }
            }
          ]
        },
        {
          "name": "Test Invalid Role ID",
          "request": {
            "method": "GET",
            "header": [
              {
                "key": "Authorization",
                "value": "Bearer {{jwt_token}}",
                "type": "text"
              }
            ],
            "url": {
              "raw": "{{base_url}}/api/roles/999",
              "host": ["{{base_url}}"],
              "path": ["api", "roles", "999"]
            },
            "description": "Test: Verify proper 404 handling for non-existent role ID"
          },
          "event": [
            {
              "listen": "test",
              "script": {
                "exec": [
                  "pm.test('Status code is 404 for invalid role ID', function () {",
                  "    pm.response.to.have.status(404);",
                  "});"
                ],
                "type": "text/javascript"
              }
            }
          ]
        },
        {
          "name": "Test Invalid Role Name",
          "request": {
            "method": "GET",
            "header": [
              {
                "key": "Authorization",
                "value": "Bearer {{jwt_token}}",
                "type": "text"
              }
            ],
            "url": {
              "raw": "{{base_url}}/api/roles/name/InvalidRole",
              "host": ["{{base_url}}"],
              "path": ["api", "roles", "name", "InvalidRole"]
            },
            "description": "Test: Verify proper 404 handling for non-existent role name"
          },
          "event": [
            {
              "listen": "test",
              "script": {
                "exec": [
                  "pm.test('Status code is 404 for invalid role name', function () {",
                  "    pm.response.to.have.status(404);",
                  "});"
                ],
                "type": "text/javascript"
              }
            }
          ]
        },
        {
          "name": "Test Scope Filtering",
          "request": {
            "method": "GET",
            "header": [
              {
                "key": "Authorization",
                "value": "Bearer {{jwt_token}}",
                "type": "text"
              }
            ],
            "url": {
              "raw": "{{base_url}}/api/roles/scope/Application",
              "host": ["{{base_url}}"],
              "path": ["api", "roles", "scope", "Application"]
            },
            "description": "Test: Verify scope filtering returns only Application scope roles (User & Admin)"
          },
          "event": [
            {
              "listen": "test",
              "script": {
                "exec": [
                  "pm.test('Status code is 200', function () {",
                  "    pm.response.to.have.status(200);",
                  "});",
                  "",
                  "pm.test('Returns Application scope roles only', function () {",
                  "    const responseJson = pm.response.json();",
                  "    pm.expect(responseJson).to.be.an('array');",
                  "    pm.expect(responseJson.length).to.eql(2);",
                  "    ",
                  "    responseJson.forEach(role => {",
                  "        pm.expect(role.scope).to.eql('Application');",
                  "    });",
                  "});",
                  "",
                  "pm.test('Contains User and Admin roles', function () {",
                  "    const responseJson = pm.response.json();",
                  "    const roleNames = responseJson.map(role => role.roleName);",
                  "    pm.expect(roleNames).to.include('User');",
                  "    pm.expect(roleNames).to.include('Admin');",
                  "    pm.expect(roleNames).to.not.include('Super Admin');",
                  "});"
                ],
                "type": "text/javascript"
              }
            }
          ]
        }
      ]
    },
    {
      "name": "🔧 Utilities",
      "description": "Helper requests for setup and debugging",
      "item": [
        {
          "name": "Health Check",
          "request": {
            "method": "GET",
            "header": [],
            "url": {
              "raw": "{{base_url}}/actuator/health",
              "host": ["{{base_url}}"],
              "path": ["actuator", "health"]
            },
            "description": "Check if the application is running and healthy"
          }
        },
        {
          "name": "Get Application Info",
          "request": {
            "method": "GET",
            "header": [],
            "url": {
              "raw": "{{base_url}}/actuator/info",
              "host": ["{{base_url}}"],
              "path": ["actuator", "info"]
            },
            "description": "Get application information and version"
          }
        }
      ]
    }
  ],
  "event": [
    {
      "listen": "prerequest",
      "script": {
        "type": "text/javascript",
        "exec": [
          "// Auto-set Authorization header if jwt_token is available",
          "if (pm.collectionVariables.get('jwt_token')) {",
          "    pm.request.headers.add({",
          "        key: 'Authorization',",
          "        value: 'Bearer ' + pm.collectionVariables.get('jwt_token')",
          "    });",
          "}"
        ]
      }
    },
    {
      "listen": "test",
      "script": {
        "type": "text/javascript",
        "exec": [
          "// Log response time for performance monitoring",
          "console.log('Response time: ' + pm.response.responseTime + 'ms');",
          "",
          "// Handle common error responses",
          "if (pm.response.code === 401) {",
          "    console.log('⚠️ Unauthorized - Check your JWT token');",
          "}",
          "if (pm.response.code === 403) {",
          "    console.log('⚠️ Forbidden - Check your role permissions');",
          "}"
        ]
      }
    }
  ]
}